amd,rcm,padding,matrix_name,partial_gauss,_wandb,r2mode6,_runtime,max_mode_size,n,z,rank,_step,tile_size,_timestamp,name
False,False,3,ex15,3,{'runtime': 4},1677100110841.0,5.028969049453735,109,6867,98640,1,10,6867,1718120510.484238,pretty-sweep-320
False,True,3,ex15,3,{'runtime': 4},1677100110841.0,5.285843372344971,109,6867,98640,1,10,6867,1718120496.4769237,tough-sweep-319
False,False,3,ex15,2,{'runtime': 5},1061520150601.0,5.542016983032227,101,6868,98647,1,10,6868,1718120476.136715,devout-sweep-318
False,True,3,ex15,2,{'runtime': 5},1061520150601.0,6.031995058059692,101,6868,98647,1,10,6868,1718120461.057822,swift-sweep-317
False,False,3,ex15,1,{'runtime': 1},1.0504154435289727e+23,1.6055374145507812,6869,6869,98660,1,0,6869,1718120446.4061604,dulcet-sweep-316
False,True,3,ex15,1,{'runtime': 1},1.0504154435289727e+23,1.5896649360656738,6869,6869,98660,1,0,6869,1718120436.193154,snowy-sweep-315
False,False,3,ex15,0,{'runtime': 6},144215816802121.0,7.201589584350586,229,6870,98671,1,14,6870,1718120426.3815455,denim-sweep-314
False,True,3,ex15,0,{'runtime': 7},144215816802121.0,7.641041994094849,229,6870,98671,1,14,6870,1718120411.195351,quiet-sweep-313
False,False,2,ex15,3,{'runtime': 3},1.6369779161713148e+21,3.731172561645508,3433,6866,98640,1,2,6866,1718120396.8475957,zany-sweep-312
False,True,2,ex15,3,{'runtime': 3},1.6369779161713148e+21,3.952324151992798,3433,6866,98640,1,2,6866,1718120386.5912042,giddy-sweep-311
False,False,2,ex15,2,{'runtime': 4},1677100110841.0,4.928274154663086,109,6867,98647,1,10,6867,1718120376.8718562,tough-sweep-310
False,True,2,ex15,2,{'runtime': 4},1677100110841.0,5.254165410995483,109,6867,98647,1,10,6867,1718120361.8219454,zesty-sweep-309
False,False,2,ex15,1,{'runtime': 5},1061520150601.0,5.4352123737335205,101,6868,98660,1,10,6868,1718120346.5656054,helpful-sweep-308
False,True,2,ex15,1,{'runtime': 5},1061520150601.0,5.873958587646484,101,6868,98660,1,10,6868,1718120331.4255786,floral-sweep-307
False,False,2,ex15,0,{'runtime': 0},1.0504154435289727e+23,1.1021080017089844,6869,6869,98671,1,0,6869,1718120316.103582,clean-sweep-306
False,True,2,ex15,0,{'runtime': 0},1.0504154435289727e+23,1.0263311862945557,6869,6869,98671,1,0,6869,1718120305.5917573,fresh-sweep-305
False,False,1,ex15,3,{'runtime': 2},6.699204317182002e+18,2.7620303630828857,1373,6865,98640,1,2,6865,1718120296.7864144,faithful-sweep-304
False,True,1,ex15,3,{'runtime': 2},6.699204317182002e+18,2.8654415607452393,1373,6865,98640,1,2,6865,1718120286.3991845,ethereal-sweep-303
False,False,1,ex15,2,{'runtime': 3},1.6369779161713148e+21,3.6033217906951904,3433,6866,98647,1,2,6866,1718120276.6234288,blooming-sweep-302
False,True,1,ex15,2,{'runtime': 3},1.6369779161713148e+21,3.7644989490509033,3433,6866,98647,1,2,6866,1718120266.307213,northern-sweep-301
False,False,1,ex15,1,{'runtime': 4},1677100110841.0,5.011923789978027,109,6867,98660,1,10,6867,1718120252.691218,deep-sweep-300
False,True,1,ex15,1,{'runtime': 5},1677100110841.0,5.486197471618652,109,6867,98660,1,10,6867,1718120240.9423983,apricot-sweep-299
False,False,1,ex15,0,{'runtime': 4},1061520150601.0,4.973453998565674,101,6868,98671,1,10,6868,1718120220.925574,fresh-sweep-298
False,True,1,ex15,0,{'runtime': 5},1061520150601.0,5.568125009536743,101,6868,98671,1,10,6868,1718120206.172341,polar-sweep-297
False,False,0,ex15,3,{'runtime': 12},4826809.0,12.964974403381348,13,6864,98640,1,38,6864,1718120192.0541575,deft-sweep-296
False,True,0,ex15,3,{'runtime': 13},4826809.0,13.656973361968994,13,6864,98640,1,38,6864,1718120172.2694423,apricot-sweep-295
False,False,0,ex15,2,{'runtime': 2},6.699204317182002e+18,2.8354923725128174,1373,6865,98647,1,2,6865,1718120150.7294333,lunar-sweep-294
False,True,0,ex15,2,{'runtime': 2},6.699204317182002e+18,2.619023323059082,1373,6865,98647,1,2,6865,1718120141.0774093,tough-sweep-293
False,False,0,ex15,1,{'runtime': 3},1.6369779161713148e+21,3.6177804470062256,3433,6866,98660,1,2,6866,1718120131.4397445,youthful-sweep-292
False,True,0,ex15,1,{'runtime': 4},1.6369779161713148e+21,4.557411193847656,3433,6866,98660,1,2,6866,1718120120.8855722,polished-sweep-291
False,False,0,ex15,0,{'runtime': 3},1677100110841.0,4.378400802612305,109,6867,98671,1,10,6867,1718120101.1782238,ancient-sweep-290
False,True,0,ex15,0,{'runtime': 4},1677100110841.0,4.75168776512146,109,6867,98671,1,10,6867,1718120090.0912237,glowing-sweep-289
False,False,3,ex13,3,{'runtime': 2},1500730351849.0,2.5599453449249268,107,2568,75565,1,14,2568,1718120077.4291625,eager-sweep-288
False,True,3,ex13,3,{'runtime': 2},1500730351849.0,2.7801754474639893,107,2568,75565,1,14,2568,1718120067.1894145,smart-sweep-287
False,False,3,ex13,2,{'runtime': 0},2443410216924769.0,1.1468658447265625,367,2569,75584,1,2,2569,1718120055.255292,peach-sweep-286
False,True,3,ex13,2,{'runtime': 0},2443410216924769.0,1.3034424781799316,367,2569,75584,1,2,2569,1718120044.9832635,hearty-sweep-285
False,False,3,ex13,1,{'runtime': 1},288136807515649.0,1.7732815742492676,257,2570,75605,1,6,2570,1718120035.1986926,royal-sweep-284
False,True,3,ex13,1,{'runtime': 1},288136807515649.0,1.8299281597137451,257,2570,75605,1,6,2570,1718120024.95915,neat-sweep-283
False,False,3,ex13,0,{'runtime': 0},3.9617305234792083e+17,1.2055997848510742,857,2571,75628,1,2,2571,1718120013.0782387,gentle-sweep-282
False,True,3,ex13,0,{'runtime': 0},3.9617305234792083e+17,1.2196478843688965,857,2571,75628,1,2,2571,1718120002.8292618,quiet-sweep-281
False,False,2,ex13,3,{'runtime': 0},11853911588401.0,1.0666966438293457,151,2567,75565,1,2,2567,1718119985.1092527,earnest-sweep-280
False,True,2,ex13,3,{'runtime': 0},11853911588401.0,1.0741496086120603,151,2567,75565,1,2,2567,1718119975.0138986,cerulean-sweep-279
False,False,2,ex13,2,{'runtime': 2},1500730351849.0,2.548637628555298,107,2568,75584,1,14,2568,1718119965.7183366,stilted-sweep-278
False,True,2,ex13,2,{'runtime': 2},1500730351849.0,2.6109437942504883,107,2568,75584,1,14,2568,1718119955.3993218,crimson-sweep-277
False,False,2,ex13,1,{'runtime': 0},2443410216924769.0,1.14973783493042,367,2569,75605,1,2,2569,1718119943.689572,gentle-sweep-276
False,True,2,ex13,1,{'runtime': 0},2443410216924769.0,1.0975396633148191,367,2569,75605,1,2,2569,1718119933.1508007,young-sweep-275
False,False,2,ex13,0,{'runtime': 1},288136807515649.0,1.763873815536499,257,2570,75628,1,6,2570,1718119923.583011,charmed-sweep-274
False,True,2,ex13,0,{'runtime': 1},288136807515649.0,1.768117904663086,257,2570,75628,1,6,2570,1718119913.3606348,generous-sweep-273
False,False,1,ex13,3,{'runtime': 1},4.460257562486603e+18,1.5900135040283203,1283,2566,75565,1,2,2566,1718119902.7983525,fancy-sweep-272
False,True,1,ex13,3,{'runtime': 1},4.460257562486603e+18,1.516371488571167,1283,2566,75565,1,2,2566,1718119892.4294164,pious-sweep-271
False,False,1,ex13,2,{'runtime': 0},11853911588401.0,1.0499331951141355,151,2567,75584,1,2,2567,1718119881.4193442,dauntless-sweep-270
False,True,1,ex13,2,{'runtime': 0},11853911588401.0,1.1690640449523926,151,2567,75584,1,2,2567,1718119870.899499,morning-sweep-269
False,False,1,ex13,1,{'runtime': 2},1500730351849.0,2.568767786026001,107,2568,75605,1,14,2568,1718119861.778124,wise-sweep-268
False,True,1,ex13,1,{'runtime': 2},1500730351849.0,2.689883232116699,107,2568,75605,1,14,2568,1718119851.2180402,prime-sweep-267
False,False,1,ex13,0,{'runtime': 0},2443410216924769.0,1.0391974449157717,367,2569,75628,1,2,2569,1718119839.0292814,comfy-sweep-266
False,True,1,ex13,0,{'runtime': 0},2443410216924769.0,1.0643746852874756,367,2569,75628,1,2,2569,1718119828.5425878,rich-sweep-265
False,False,0,ex13,3,{'runtime': 1},47045881.0,2.030815362930298,19,2565,75565,1,14,2565,1718119819.2791464,eager-sweep-264
False,True,0,ex13,3,{'runtime': 1},47045881.0,2.038745880126953,19,2565,75565,1,14,2565,1718119807.978086,exalted-sweep-263
False,False,0,ex13,2,{'runtime': 1},4.460257562486603e+18,1.540626049041748,1283,2566,75584,1,2,2566,1718119798.178148,deft-sweep-262
False,True,0,ex13,2,{'runtime': 1},4.460257562486603e+18,1.6231930255889893,1283,2566,75584,1,2,2566,1718119786.332688,sweepy-sweep-261
False,False,0,ex13,1,{'runtime': 0},11853911588401.0,1.1312804222106934,151,2567,75605,1,2,2567,1718119775.2195663,sage-sweep-260
False,True,0,ex13,1,{'runtime': 0},11853911588401.0,1.180445909500122,151,2567,75605,1,2,2567,1718119764.50245,wise-sweep-259
False,False,0,ex13,0,{'runtime': 2},1500730351849.0,2.5903635025024414,107,2568,75628,1,14,2568,1718119755.4089954,deep-sweep-258
False,True,0,ex13,0,{'runtime': 2},1500730351849.0,2.719069242477417,107,2568,75628,1,14,2568,1718119746.0184822,pleasant-sweep-257
False,False,3,ex10hs,3,{'runtime': 1},4826809.0,2.237514019012451,13,2548,57285,1,16,2548,1718119735.158128,grateful-sweep-256
False,True,3,ex10hs,3,{'runtime': 1},4826809.0,2.31101131439209,13,2548,57285,1,16,2548,1718119724.7882223,desert-sweep-255
False,False,3,ex10hs,2,{'runtime': 0},2.7429570845106376e+20,1.1720054149627686,2549,2549,57280,1,0,2549,1718119713.3311815,decent-sweep-254
False,True,3,ex10hs,2,{'runtime': 0},2.7429570845106376e+20,1.0108249187469482,2549,2549,57280,1,0,2549,1718119702.740213,wandering-sweep-253
False,False,3,ex10hs,1,{'runtime': 2},24137569.0,2.6155471801757812,17,2550,57293,1,22,2550,1718119693.8180912,snowy-sweep-252
False,True,3,ex10hs,1,{'runtime': 2},24137569.0,2.953695058822632,17,2550,57293,1,22,2550,1718119683.525991,major-sweep-251
False,False,3,ex10hs,0,{'runtime': 0},2.755895538055688e+20,1.1715188026428225,2551,2551,57308,1,0,2551,1718119671.8197048,swept-sweep-250
False,True,3,ex10hs,0,{'runtime': 0},2.755895538055688e+20,0.9296047687530518,2551,2551,57308,1,0,2551,1718119660.8376207,confused-sweep-249
False,False,2,ex10hs,3,{'runtime': 0},513710701744969.0,1.4250891208648682,283,2547,57285,1,4,2547,1718119650.852677,worthy-sweep-248
False,True,2,ex10hs,3,{'runtime': 1},513710701744969.0,1.4730007648468018,283,2547,57285,1,4,2547,1718119640.2712538,peachy-sweep-247
False,False,2,ex10hs,2,{'runtime': 1},4826809.0,2.1477692127227783,13,2548,57280,1,16,2548,1718119630.7158942,dashing-sweep-246
False,True,2,ex10hs,2,{'runtime': 1},4826809.0,2.3941433429718018,13,2548,57280,1,16,2548,1718119620.5521824,fragrant-sweep-245
False,False,2,ex10hs,1,{'runtime': 0},2.7429570845106376e+20,1.0115151405334473,2549,2549,57293,1,0,2549,1718119608.5057511,magic-sweep-244
False,True,2,ex10hs,1,{'runtime': 0},2.7429570845106376e+20,0.9946179389953612,2549,2549,57293,1,0,2549,1718119598.151866,lilac-sweep-243
False,False,2,ex10hs,0,{'runtime': 2},24137569.0,2.517030715942383,17,2550,57308,1,22,2550,1718119589.2095258,sweet-sweep-242
False,True,2,ex10hs,0,{'runtime': 2},24137569.0,2.6652071475982666,17,2550,57308,1,22,2550,1718119578.8015022,usual-sweep-241
False,False,1,ex10hs,3,{'runtime': 1},90458382169.0,1.5812299251556396,67,2546,57285,1,6,2546,1718119567.501646,generous-sweep-240
False,True,1,ex10hs,3,{'runtime': 1},90458382169.0,1.6037685871124268,67,2546,57285,1,6,2546,1718119556.3488376,good-sweep-239
False,False,1,ex10hs,2,{'runtime': 0},513710701744969.0,1.345855951309204,283,2547,57280,1,4,2547,1718119545.894354,dazzling-sweep-238
False,True,1,ex10hs,2,{'runtime': 1},513710701744969.0,1.386716604232788,283,2547,57280,1,4,2547,1718119535.7772267,soft-sweep-237
False,False,1,ex10hs,1,{'runtime': 2},4826809.0,2.868943691253662,13,2548,57293,1,16,2548,1718119526.800063,fearless-sweep-236
False,True,1,ex10hs,1,{'runtime': 1},4826809.0,2.4004478454589844,13,2548,57293,1,16,2548,1718119515.8022778,sunny-sweep-235
False,False,1,ex10hs,0,{'runtime': 0},2.7429570845106376e+20,0.8761107921600342,2549,2549,57308,1,0,2549,1718119503.7144308,rural-sweep-234
False,True,1,ex10hs,0,{'runtime': 0},2.7429570845106376e+20,0.9112348556518556,2549,2549,57308,1,0,2549,1718119492.8094988,dauntless-sweep-233
False,False,0,ex10hs,3,{'runtime': 0},1.739028478142844e+16,1.2815799713134766,509,2545,57285,1,2,2545,1718119482.839855,colorful-sweep-232
False,True,0,ex10hs,3,{'runtime': 0},1.739028478142844e+16,1.2088100910186768,509,2545,57285,1,2,2545,1718119472.53959,curious-sweep-231
False,False,0,ex10hs,2,{'runtime': 1},90458382169.0,1.600027561187744,67,2546,57280,1,6,2546,1718119462.6082015,kind-sweep-230
False,True,0,ex10hs,2,{'runtime': 1},90458382169.0,1.6189641952514648,67,2546,57280,1,6,2546,1718119452.3194273,earthy-sweep-229
False,False,0,ex10hs,1,{'runtime': 0},513710701744969.0,1.400112867355347,283,2547,57293,1,4,2547,1718119441.627338,usual-sweep-228
False,True,0,ex10hs,1,{'runtime': 1},513710701744969.0,1.457268238067627,283,2547,57293,1,4,2547,1718119431.4575942,cool-sweep-227
False,False,0,ex10hs,0,{'runtime': 1},4826809.0,2.150998115539551,13,2548,57308,1,16,2548,1718119421.899095,ethereal-sweep-226
False,True,0,ex10hs,0,{'runtime': 1},4826809.0,2.3552887439727783,13,2548,57308,1,16,2548,1718119411.4553657,gentle-sweep-225
False,False,3,ex10,3,{'runtime': 1},195930594145441.0,1.7526609897613523,241,2410,54801,1,6,2410,1718119400.568363,good-sweep-224
False,True,3,ex10,3,{'runtime': 1},195930594145441.0,1.8509657382965088,241,2410,54801,1,6,2410,1718119389.4092116,eager-sweep-223
False,False,3,ex10,2,{'runtime': 0},1.9641889444618332e+20,0.9110755920410156,2411,2411,54814,1,0,2411,1718119377.9093435,celestial-sweep-222
False,True,3,ex10,2,{'runtime': 0},1.9641889444618332e+20,0.8812756538391113,2411,2411,54814,1,0,2411,1718119367.4495656,deep-sweep-221
False,False,3,ex10,1,{'runtime': 1},90458382169.0,2.360846519470215,67,2412,54829,1,16,2412,1718119358.5101764,autumn-sweep-220
False,True,3,ex10,1,{'runtime': 2},90458382169.0,3.10044264793396,67,2412,54829,1,16,2412,1718119349.6613867,peach-sweep-219
False,False,3,ex10,0,{'runtime': 0},4195872914689.0,0.996727705001831,127,2413,54840,1,2,2413,1718119337.0033648,eternal-sweep-218
False,True,3,ex10,0,{'runtime': 0},4195872914689.0,0.9887533187866212,127,2413,54840,1,2,2413,1718119326.4581685,rare-sweep-217
False,False,2,ex10,3,{'runtime': 1},151334226289.0,1.5617520809173584,73,2409,54801,1,6,2409,1718119316.8324862,deft-sweep-216
False,True,2,ex10,3,{'runtime': 1},151334226289.0,1.6685492992401123,73,2409,54801,1,6,2409,1718119305.6381533,devout-sweep-215
False,False,2,ex10,2,{'runtime': 1},195930594145441.0,1.7821760177612305,241,2410,54814,1,6,2410,1718119295.380274,rosy-sweep-214
False,True,2,ex10,2,{'runtime': 1},195930594145441.0,2.049309253692627,241,2410,54814,1,6,2410,1718119285.0684862,breezy-sweep-213
False,False,2,ex10,1,{'runtime': 0},1.9641889444618332e+20,1.2724997997283936,2411,2411,54829,1,0,2411,1718119274.0450387,major-sweep-212
False,True,2,ex10,1,{'runtime': 0},1.9641889444618332e+20,0.9200050830841064,2411,2411,54829,1,0,2411,1718119263.239642,fluent-sweep-211
False,False,2,ex10,0,{'runtime': 2},90458382169.0,2.703261375427246,67,2412,54840,1,16,2412,1718119255.2998734,dazzling-sweep-210
False,True,2,ex10,0,{'runtime': 2},90458382169.0,3.1799726486206055,67,2412,54840,1,16,2412,1718119245.4580407,expert-sweep-209
False,False,1,ex10,3,{'runtime': 2},6321363049.0,3.1591436862945557,43,2408,54801,1,14,2408,1718119234.8883767,charmed-sweep-208
False,True,1,ex10,3,{'runtime': 1},6321363049.0,2.2346653938293457,43,2408,54801,1,14,2408,1718119222.1495924,dashing-sweep-207
False,False,1,ex10,2,{'runtime': 1},151334226289.0,1.5464041233062744,73,2409,54814,1,6,2409,1718119211.132399,light-sweep-206
False,True,1,ex10,2,{'runtime': 1},151334226289.0,1.536475419998169,73,2409,54814,1,6,2409,1718119201.8981085,sleek-sweep-205
False,False,1,ex10,1,{'runtime': 1},195930594145441.0,1.623764991760254,241,2410,54829,1,6,2410,1718119190.271825,magic-sweep-204
False,True,1,ex10,1,{'runtime': 1},195930594145441.0,1.6857397556304932,241,2410,54829,1,6,2410,1718119181.0981357,feasible-sweep-203
False,False,1,ex10,0,{'runtime': 0},1.9641889444618332e+20,0.8844192028045654,2411,2411,54840,1,0,2411,1718119169.3224692,fancy-sweep-202
False,True,1,ex10,0,{'runtime': 0},1.9641889444618332e+20,0.8442549705505371,2411,2411,54840,1,0,2411,1718119158.782433,ancient-sweep-201
False,False,0,ex10,3,{'runtime': 0},326940373369.0,1.0150468349456787,83,2407,54801,1,2,2407,1718119148.35805,bright-sweep-200
False,True,0,ex10,3,{'runtime': 0},326940373369.0,1.1547908782958984,83,2407,54801,1,2,2407,1718119138.8830588,glad-sweep-199
False,False,0,ex10,2,{'runtime': 1},6321363049.0,2.1342813968658447,43,2408,54814,1,14,2408,1718119128.172367,laced-sweep-198
False,True,0,ex10,2,{'runtime': 1},6321363049.0,2.1479289531707764,43,2408,54814,1,14,2408,1718119117.992534,wise-sweep-197
False,False,0,ex10,1,{'runtime': 0},151334226289.0,1.3538939952850342,73,2409,54829,1,6,2409,1718119106.929214,lively-sweep-196
False,True,0,ex10,1,{'runtime': 0},151334226289.0,1.3901824951171875,73,2409,54829,1,6,2409,1718119096.6824555,fragrant-sweep-195
False,False,0,ex10,0,{'runtime': 1},195930594145441.0,1.655827522277832,241,2410,54840,1,6,2410,1718119086.5632625,fanciful-sweep-194
False,True,0,ex10,0,{'runtime': 1},195930594145441.0,1.6089301109313965,241,2410,54840,1,6,2410,1718119076.30832,dutiful-sweep-193
False,False,3,ex3,3,{'runtime': 0},5.001867078602285e+16,1.091486930847168,607,1821,52634,1,2,1821,1718119065.293177,easy-sweep-192
False,True,3,ex3,3,{'runtime': 0},5.001867078602285e+16,1.099045753479004,607,1821,52634,1,2,1821,1718119055.0372686,daily-sweep-191
False,False,3,ex3,2,{'runtime': 0},5.71623746239597e+17,1.1859536170959473,911,1822,52649,1,2,1822,1718119043.9478955,sweepy-sweep-190
False,True,3,ex3,2,{'runtime': 0},5.71623746239597e+17,1.209460735321045,911,1822,52649,1,2,1822,1718119033.7795978,drawn-sweep-189
False,False,3,ex3,1,{'runtime': 0},3.670455912481314e+19,0.9166982173919678,1823,1823,52666,1,0,1823,1718119022.9764802,deep-sweep-188
False,True,3,ex3,1,{'runtime': 0},3.670455912481314e+19,0.868553876876831,1823,1823,52666,1,0,1823,1718119012.469451,bumbling-sweep-187
False,False,3,ex3,0,{'runtime': 1},47045881.0,1.9073913097381592,19,1824,52685,1,22,1824,1718119003.2582064,gentle-sweep-186
False,True,3,ex3,0,{'runtime': 1},47045881.0,2.0129363536834717,19,1824,52685,1,22,1824,1718118992.9616733,giddy-sweep-185
False,False,2,ex3,3,{'runtime': 1},4826809.0,1.8629825115203855,13,1820,52634,1,22,1820,1718118982.5181975,visionary-sweep-184
False,True,2,ex3,3,{'runtime': 1},4826809.0,1.9758920669555664,13,1820,52634,1,22,1820,1718118972.438419,dark-sweep-183
False,False,2,ex3,2,{'runtime': 0},5.001867078602285e+16,1.0528628826141355,607,1821,52649,1,2,1821,1718118961.062389,comic-sweep-182
False,True,2,ex3,2,{'runtime': 0},5.001867078602285e+16,1.1492226123809814,607,1821,52649,1,2,1821,1718118950.939231,astral-sweep-181
False,False,2,ex3,1,{'runtime': 0},5.71623746239597e+17,1.1842820644378662,911,1822,52666,1,2,1822,1718118939.464823,dainty-sweep-180
False,True,2,ex3,1,{'runtime': 0},5.71623746239597e+17,1.1653780937194824,911,1822,52666,1,2,1822,1718118929.208075,comfy-sweep-179
False,False,2,ex3,0,{'runtime': 0},3.670455912481314e+19,0.8178360462188721,1823,1823,52685,1,0,1823,1718118918.312925,fragrant-sweep-178
False,True,2,ex3,0,{'runtime': 0},3.670455912481314e+19,0.8226737976074219,1823,1823,52685,1,0,1823,1718118907.7888768,absurd-sweep-177
False,False,1,ex3,3,{'runtime': 0},1500730351849.0,0.9469480514526368,107,1819,52634,1,2,1819,1718118898.464323,earthy-sweep-176
False,True,1,ex3,3,{'runtime': 0},1500730351849.0,0.9601113796234132,107,1819,52634,1,2,1819,1718118887.9050684,jumping-sweep-175
False,False,1,ex3,2,{'runtime': 1},4826809.0,1.8238232135772705,13,1820,52649,1,22,1820,1718118878.5266612,floral-sweep-174
False,True,1,ex3,2,{'runtime': 1},4826809.0,1.9189751148223877,13,1820,52649,1,22,1820,1718118868.1831071,autumn-sweep-173
False,False,1,ex3,1,{'runtime': 0},5.001867078602285e+16,1.0747859477996826,607,1821,52666,1,2,1821,1718118856.887274,kind-sweep-172
False,True,1,ex3,1,{'runtime': 0},5.001867078602285e+16,1.1166393756866455,607,1821,52666,1,2,1821,1718118846.3031173,deft-sweep-171
False,False,1,ex3,0,{'runtime': 0},5.71623746239597e+17,1.2115185260772705,911,1822,52685,1,2,1822,1718118835.1714983,pious-sweep-170
False,True,1,ex3,0,{'runtime': 0},5.71623746239597e+17,1.1193835735321045,911,1822,52685,1,2,1822,1718118824.8848226,fanciful-sweep-169
False,False,0,ex3,3,{'runtime': 1},1061520150601.0,1.5442512035369873,101,1818,52634,1,10,1818,1718118815.1034362,dulcet-sweep-168
False,True,0,ex3,3,{'runtime': 1},1061520150601.0,1.5897986888885498,101,1818,52634,1,10,1818,1718118804.990805,clean-sweep-167
False,False,0,ex3,2,{'runtime': 0},1500730351849.0,0.9685239791870116,107,1819,52649,1,2,1819,1718118793.605844,light-sweep-166
False,True,0,ex3,2,{'runtime': 0},1500730351849.0,0.9309039115905762,107,1819,52649,1,2,1819,1718118782.976936,glamorous-sweep-165
False,False,0,ex3,1,{'runtime': 1},4826809.0,1.9660704135894775,13,1820,52666,1,22,1820,1718118773.7631614,noble-sweep-164
False,True,0,ex3,1,{'runtime': 1},4826809.0,1.973338842391968,13,1820,52666,1,22,1820,1718118763.365223,clean-sweep-163
False,False,0,ex3,0,{'runtime': 0},5.001867078602285e+16,1.0130648612976074,607,1821,52685,1,2,1821,1718118752.2099938,eternal-sweep-162
False,True,0,ex3,0,{'runtime': 0},5.001867078602285e+16,1.0241928100585938,607,1821,52685,1,2,1821,1718118741.680092,leafy-sweep-161
True,False,3,ex15,3,{'runtime': 5},1677100110841.0,5.451163291931152,109,6867,98874,1,10,6867,1718118715.6073053,rosy-sweep-160
True,True,3,ex15,3,{'runtime': 6},1677100110841.0,6.461362361907959,109,6867,98874,1,10,6867,1718118701.4771397,breezy-sweep-159
True,False,3,ex15,2,{'runtime': 6},1061520150601.0,6.700385570526123,101,6868,98781,1,10,6868,1718118685.6979156,ethereal-sweep-158
True,True,3,ex15,2,{'runtime': 7},1061520150601.0,7.800532341003418,101,6868,98781,1,10,6868,1718118671.1779864,azure-sweep-157
True,False,3,ex15,1,{'runtime': 1},1.0504154435289727e+23,1.6902198791503906,6869,6869,98766,1,0,6869,1718118654.8273828,valiant-sweep-156
True,True,3,ex15,1,{'runtime': 1},1.0504154435289727e+23,1.741810321807861,6869,6869,98766,1,0,6869,1718118644.5573783,glowing-sweep-155
True,False,3,ex15,0,{'runtime': 7},144215816802121.0,7.732955694198608,229,6870,98671,1,14,6870,1718118635.4000306,swept-sweep-154
True,True,3,ex15,0,{'runtime': 8},144215816802121.0,8.7503502368927,229,6870,98671,1,14,6870,1718118620.1963391,lilac-sweep-153
True,False,2,ex15,3,{'runtime': 3},1.6369779161713148e+21,3.9643454551696777,3433,6866,98874,1,2,6866,1718118606.1112115,classic-sweep-152
True,True,2,ex15,3,{'runtime': 3},1.6369779161713148e+21,4.3047873973846436,3433,6866,98874,1,2,6866,1718118595.2314465,dandy-sweep-151
True,False,2,ex15,2,{'runtime': 5},1677100110841.0,5.611699342727661,109,6867,98781,1,10,6867,1718118581.0362003,hardy-sweep-150
True,True,2,ex15,2,{'runtime': 5},1677100110841.0,6.2498908042907715,109,6867,98781,1,10,6867,1718118565.355996,toasty-sweep-149
True,False,2,ex15,1,{'runtime': 5},1061520150601.0,6.109719753265381,101,6868,98766,1,10,6868,1718118549.9678948,sweepy-sweep-148
True,True,2,ex15,1,{'runtime': 6},1061520150601.0,7.156199216842651,101,6868,98766,1,10,6868,1718118535.49218,sleek-sweep-147
True,False,2,ex15,0,{'runtime': 0},1.0504154435289727e+23,1.0409789085388184,6869,6869,98671,1,0,6869,1718118518.867123,fresh-sweep-146
True,True,2,ex15,0,{'runtime': 0},1.0504154435289727e+23,1.0237822532653809,6869,6869,98671,1,0,6869,1718118508.6601803,bumbling-sweep-145
True,False,1,ex15,3,{'runtime': 2},6.699204317182002e+18,2.844228982925415,1373,6865,98874,1,2,6865,1718118500.011099,noble-sweep-144
True,True,1,ex15,3,{'runtime': 2},6.699204317182002e+18,2.979231119155884,1373,6865,98874,1,2,6865,1718118489.7750802,restful-sweep-143
True,False,1,ex15,2,{'runtime': 3},1.6369779161713148e+21,4.078021287918091,3433,6866,98781,1,2,6866,1718118480.2443082,bumbling-sweep-142
True,True,1,ex15,2,{'runtime': 3},1.6369779161713148e+21,4.299724817276001,3433,6866,98781,1,2,6866,1718118469.1962168,helpful-sweep-141
True,False,1,ex15,1,{'runtime': 5},1677100110841.0,5.428589820861816,109,6867,98766,1,10,6867,1718118450.055075,worthy-sweep-140
True,True,1,ex15,1,{'runtime': 5},1677100110841.0,6.1255505084991455,109,6867,98766,1,10,6867,1718118435.1520104,sweepy-sweep-139
True,False,1,ex15,0,{'runtime': 5},1061520150601.0,5.453521966934204,101,6868,98671,1,10,6868,1718118419.040122,robust-sweep-138
True,True,1,ex15,0,{'runtime': 5},1061520150601.0,6.330205202102661,101,6868,98671,1,10,6868,1718118404.5259953,cool-sweep-137
True,False,0,ex15,3,{'runtime': 13},4826809.0,13.770120859146118,13,6864,98874,1,38,6864,1718118391.505123,swift-sweep-136
True,True,0,ex15,3,{'runtime': 16},4826809.0,16.591771841049194,13,6864,98874,1,38,6864,1718118368.668119,astral-sweep-135
True,False,0,ex15,2,{'runtime': 2},6.699204317182002e+18,2.8062498569488525,1373,6865,98781,1,2,6865,1718118344.4551475,swift-sweep-134
True,True,0,ex15,2,{'runtime': 2},6.699204317182002e+18,2.8841474056243896,1373,6865,98781,1,2,6865,1718118334.1103504,sweet-sweep-133
True,False,0,ex15,1,{'runtime': 3},1.6369779161713148e+21,3.866400003433227,3433,6866,98766,1,2,6866,1718118324.566441,upbeat-sweep-132
True,True,0,ex15,1,{'runtime': 3},1.6369779161713148e+21,4.0899248123168945,3433,6866,98766,1,2,6866,1718118313.3364477,snowy-sweep-131
True,False,0,ex15,0,{'runtime': 4},1677100110841.0,4.759908437728882,109,6867,98671,1,10,6867,1718118294.3562484,silver-sweep-130
True,True,0,ex15,0,{'runtime': 4},1677100110841.0,5.355314016342163,109,6867,98671,1,10,6867,1718118279.365843,kind-sweep-129
True,False,3,ex13,3,{'runtime': 2},1500730351849.0,2.6487956047058105,107,2568,76217,1,14,2568,1718118265.1553855,sunny-sweep-128
True,True,3,ex13,3,{'runtime': 2},1500730351849.0,2.7590270042419434,107,2568,76217,1,14,2568,1718118254.965084,snowy-sweep-127
True,False,3,ex13,2,{'runtime': 0},2443410216924769.0,1.1552255153656006,367,2569,75800,1,2,2569,1718118243.1174326,lunar-sweep-126
True,True,3,ex13,2,{'runtime': 0},2443410216924769.0,1.199228048324585,367,2569,75800,1,2,2569,1718118232.8662431,devoted-sweep-125
True,False,3,ex13,1,{'runtime': 1},288136807515649.0,1.8899130821228027,257,2570,75857,1,6,2570,1718118223.3461602,lunar-sweep-124
True,True,3,ex13,1,{'runtime': 1},288136807515649.0,2.009800672531128,257,2570,75857,1,6,2570,1718118212.1860306,sandy-sweep-123
True,False,3,ex13,0,{'runtime': 0},3.9617305234792083e+17,1.2307424545288086,857,2571,75628,1,2,2571,1718118201.3666306,zany-sweep-122
True,True,3,ex13,0,{'runtime': 0},3.9617305234792083e+17,1.2498793601989746,857,2571,75628,1,2,2571,1718118190.136629,exalted-sweep-121
True,False,2,ex13,3,{'runtime': 0},11853911588401.0,1.0616521835327148,151,2567,76217,1,2,2567,1718118174.4390082,usual-sweep-120
True,True,2,ex13,3,{'runtime': 0},11853911588401.0,1.0713386535644531,151,2567,76217,1,2,2567,1718118164.0065486,earthy-sweep-119
True,False,2,ex13,2,{'runtime': 2},1500730351849.0,2.8051400184631348,107,2568,75800,1,14,2568,1718118155.200465,helpful-sweep-118
True,True,2,ex13,2,{'runtime': 2},1500730351849.0,2.7204060554504395,107,2568,75800,1,14,2568,1718118144.466274,divine-sweep-117
True,False,2,ex13,1,{'runtime': 0},2443410216924769.0,1.1060967445373535,367,2569,75857,1,2,2569,1718118132.5062647,cerulean-sweep-116
True,True,2,ex13,1,{'runtime': 0},2443410216924769.0,1.1817476749420166,367,2569,75857,1,2,2569,1718118122.3379748,super-sweep-115
True,False,2,ex13,0,{'runtime': 1},288136807515649.0,1.7210092544555664,257,2570,75628,1,6,2570,1718118112.6676073,iconic-sweep-114
True,True,2,ex13,0,{'runtime': 1},288136807515649.0,1.8397212028503416,257,2570,75628,1,6,2570,1718118101.485865,different-sweep-113
True,False,1,ex13,3,{'runtime': 1},4.460257562486603e+18,1.482511043548584,1283,2566,76217,1,2,2566,1718118090.912349,silver-sweep-112
True,True,1,ex13,3,{'runtime': 1},4.460257562486603e+18,1.5572576522827148,1283,2566,76217,1,2,2566,1718118080.6473308,serene-sweep-111
True,False,1,ex13,2,{'runtime': 0},11853911588401.0,1.053734302520752,151,2567,75800,1,2,2567,1718118069.6402712,misunderstood-sweep-110
True,True,1,ex13,2,{'runtime': 0},11853911588401.0,1.0856192111968994,151,2567,75800,1,2,2567,1718118059.165846,likely-sweep-109
True,False,1,ex13,1,{'runtime': 2},1500730351849.0,2.610650539398194,107,2568,75857,1,14,2568,1718118050.1466806,sage-sweep-108
True,True,1,ex13,1,{'runtime': 2},1500730351849.0,2.819253444671631,107,2568,75857,1,14,2568,1718118040.8404834,cool-sweep-107
True,False,1,ex13,0,{'runtime': 0},2443410216924769.0,1.0599238872528076,367,2569,75628,1,2,2569,1718118028.4478028,snowy-sweep-106
True,True,1,ex13,0,{'runtime': 0},2443410216924769.0,1.1292061805725098,367,2569,75628,1,2,2569,1718118017.9143662,happy-sweep-105
True,False,0,ex13,3,{'runtime': 1},47045881.0,2.069845199584961,19,2565,76217,1,14,2565,1718118008.6363752,light-sweep-104
True,True,0,ex13,3,{'runtime': 1},47045881.0,2.0664236545562744,19,2565,76217,1,14,2565,1718117998.4224863,lemon-sweep-103
True,False,0,ex13,2,{'runtime': 1},4.460257562486603e+18,1.497426986694336,1283,2566,75800,1,2,2566,1718117986.616338,brisk-sweep-102
True,True,0,ex13,2,{'runtime': 1},4.460257562486603e+18,1.753129005432129,1283,2566,75800,1,2,2566,1718117976.5097,dulcet-sweep-101
True,False,0,ex13,1,{'runtime': 0},11853911588401.0,1.034311056137085,151,2567,75857,1,2,2567,1718117965.220202,rare-sweep-100
True,True,0,ex13,1,{'runtime': 0},11853911588401.0,1.0590860843658447,151,2567,75857,1,2,2567,1718117954.647266,happy-sweep-99
True,False,0,ex13,0,{'runtime': 2},1500730351849.0,2.45247745513916,107,2568,75628,1,14,2568,1718117945.5586414,rich-sweep-98
True,True,0,ex13,0,{'runtime': 2},1500730351849.0,2.583750009536743,107,2568,75628,1,14,2568,1718117935.210797,trim-sweep-97
True,False,3,ex10hs,3,{'runtime': 1},4826809.0,2.239777088165283,13,2548,57949,1,16,2548,1718117924.497157,restful-sweep-96
True,True,3,ex10hs,3,{'runtime': 1},4826809.0,2.3301496505737305,13,2548,57949,1,16,2548,1718117914.9871166,vocal-sweep-95
True,False,3,ex10hs,2,{'runtime': 0},2.7429570845106376e+20,1.1015589237213137,2549,2549,57850,1,0,2549,1718117903.0773878,floral-sweep-94
True,True,3,ex10hs,2,{'runtime': 0},2.7429570845106376e+20,0.9006102085113525,2549,2549,57850,1,0,2549,1718117892.2359593,stilted-sweep-93
True,False,3,ex10hs,1,{'runtime': 2},24137569.0,2.7352020740509033,17,2550,57693,1,22,2550,1718117883.582438,sweepy-sweep-92
True,True,3,ex10hs,1,{'runtime': 2},24137569.0,2.920130968093872,17,2550,57693,1,22,2550,1718117873.257437,zany-sweep-91
True,False,3,ex10hs,0,{'runtime': 0},2.755895538055688e+20,0.9239058494567872,2551,2551,57308,1,0,2551,1718117860.7301395,dark-sweep-90
True,True,3,ex10hs,0,{'runtime': 0},2.755895538055688e+20,0.8368723392486572,2551,2551,57308,1,0,2551,1718117850.0771344,sandy-sweep-89
True,False,2,ex10hs,3,{'runtime': 1},513710701744969.0,1.4439735412597656,283,2547,57949,1,4,2547,1718117840.1335826,smooth-sweep-88
True,True,2,ex10hs,3,{'runtime': 1},513710701744969.0,1.6195075511932373,283,2547,57949,1,4,2547,1718117830.8794186,rose-sweep-87
True,False,2,ex10hs,2,{'runtime': 1},4826809.0,2.359553098678589,13,2548,57850,1,16,2548,1718117820.343848,dandy-sweep-86
True,True,2,ex10hs,2,{'runtime': 1},4826809.0,2.327716827392578,13,2548,57850,1,16,2548,1718117808.8064637,lunar-sweep-85
True,False,2,ex10hs,1,{'runtime': 0},2.7429570845106376e+20,0.9642367362976074,2549,2549,57693,1,0,2549,1718117792.0996027,lilac-sweep-84
True,True,2,ex10hs,1,{'runtime': 0},2.7429570845106376e+20,0.992328405380249,2549,2549,57693,1,0,2549,1718117776.6540525,frosty-sweep-83
True,False,2,ex10hs,0,{'runtime': 2},24137569.0,2.6729812622070312,17,2550,57308,1,22,2550,1718117768.6310742,likely-sweep-82
True,True,2,ex10hs,0,{'runtime': 2},24137569.0,2.7197635173797607,17,2550,57308,1,22,2550,1718117757.7549856,revived-sweep-81
True,False,1,ex10hs,3,{'runtime': 1},90458382169.0,1.5737502574920654,67,2546,57949,1,6,2546,1718117746.3255882,fallen-sweep-80
True,True,1,ex10hs,3,{'runtime': 1},90458382169.0,1.6165993213653564,67,2546,57949,1,6,2546,1718117736.1902742,laced-sweep-79
True,False,1,ex10hs,2,{'runtime': 1},513710701744969.0,3.3545007705688477,283,2547,57850,1,4,2547,1718117727.8151748,exalted-sweep-78
True,True,1,ex10hs,2,{'runtime': 1},513710701744969.0,1.4488601684570312,283,2547,57850,1,4,2547,1718117714.666963,brisk-sweep-77
True,False,1,ex10hs,1,{'runtime': 1},4826809.0,2.21671199798584,13,2548,57693,1,16,2548,1718117705.225075,eager-sweep-76
True,True,1,ex10hs,1,{'runtime': 1},4826809.0,2.2978713512420654,13,2548,57693,1,16,2548,1718117695.8580923,light-sweep-75
True,False,1,ex10hs,0,{'runtime': 0},2.7429570845106376e+20,0.8281009197235107,2549,2549,57308,1,0,2549,1718117683.454203,ethereal-sweep-74
True,True,1,ex10hs,0,{'runtime': 0},2.7429570845106376e+20,0.8522043228149414,2549,2549,57308,1,0,2549,1718117672.9576433,golden-sweep-73
True,False,0,ex10hs,3,{'runtime': 0},1.739028478142844e+16,1.1963119506835938,509,2545,57949,1,2,2545,1718117663.113078,whole-sweep-72
True,True,0,ex10hs,3,{'runtime': 0},1.739028478142844e+16,1.334496021270752,509,2545,57949,1,2,2545,1718117652.028772,bright-sweep-71
True,False,0,ex10hs,2,{'runtime': 1},90458382169.0,1.6054954528808594,67,2546,57850,1,6,2546,1718117642.8667784,toasty-sweep-70
True,True,0,ex10hs,2,{'runtime': 1},90458382169.0,1.6436536312103271,67,2546,57850,1,6,2546,1718117631.4557166,logical-sweep-69
True,False,0,ex10hs,1,{'runtime': 1},513710701744969.0,1.434483766555786,283,2547,57693,1,4,2547,1718117620.9551878,lively-sweep-68
True,True,0,ex10hs,1,{'runtime': 1},513710701744969.0,1.4346623420715332,283,2547,57693,1,4,2547,1718117610.7170825,decent-sweep-67
True,False,0,ex10hs,0,{'runtime': 1},4826809.0,2.1530065536499023,13,2548,57308,1,16,2548,1718117600.4098616,azure-sweep-66
True,True,0,ex10hs,0,{'runtime': 1},4826809.0,2.2710933685302734,13,2548,57308,1,16,2548,1718117590.2781854,tough-sweep-65
True,False,3,ex10,3,{'runtime': 1},195930594145441.0,1.8403551578521729,241,2410,55095,1,6,2410,1718117579.4635012,celestial-sweep-64
True,True,3,ex10,3,{'runtime': 1},195930594145441.0,1.8799419403076172,241,2410,55095,1,6,2410,1718117569.246485,rose-sweep-63
True,False,3,ex10,2,{'runtime': 0},1.9641889444618332e+20,1.073521375656128,2411,2411,55052,1,0,2411,1718117557.9503365,denim-sweep-62
True,True,3,ex10,2,{'runtime': 0},1.9641889444618332e+20,1.003192901611328,2411,2411,55052,1,0,2411,1718117547.327766,dulcet-sweep-61
True,False,3,ex10,1,{'runtime': 2},90458382169.0,2.528310775756836,67,2412,54823,1,16,2412,1718117538.3605158,worthy-sweep-60
True,True,3,ex10,1,{'runtime': 2},90458382169.0,2.71322250366211,67,2412,54823,1,16,2412,1718117528.0375626,happy-sweep-59
True,False,3,ex10,0,{'runtime': 0},4195872914689.0,0.9501914978027344,127,2413,54840,1,2,2413,1718117516.0276644,comic-sweep-58
True,True,3,ex10,0,{'runtime': 0},4195872914689.0,1.107316970825195,127,2413,54840,1,2,2413,1718117505.535552,twilight-sweep-57
True,False,2,ex10,3,{'runtime': 1},151334226289.0,1.4500422477722168,73,2409,55095,1,6,2409,1718117495.4610844,flowing-sweep-56
True,True,2,ex10,3,{'runtime': 1},151334226289.0,1.616161823272705,73,2409,55095,1,6,2409,1718117486.331956,vital-sweep-55
True,False,2,ex10,2,{'runtime': 1},195930594145441.0,1.7779247760772705,241,2410,55052,1,6,2410,1718117474.9165547,apricot-sweep-54
True,True,2,ex10,2,{'runtime': 1},195930594145441.0,1.7175724506378174,241,2410,55052,1,6,2410,1718117464.5593214,valiant-sweep-53
True,False,2,ex10,1,{'runtime': 0},1.9641889444618332e+20,0.9310498237609864,2411,2411,54823,1,0,2411,1718117453.3019428,lyric-sweep-52
True,True,2,ex10,1,{'runtime': 0},1.9641889444618332e+20,0.8476371765136719,2411,2411,54823,1,0,2411,1718117442.765875,silver-sweep-51
True,False,2,ex10,0,{'runtime': 1},90458382169.0,2.3387186527252197,67,2412,54840,1,16,2412,1718117433.8265088,dauntless-sweep-50
True,True,2,ex10,0,{'runtime': 2},90458382169.0,2.592430830001831,67,2412,54840,1,16,2412,1718117424.6980667,wild-sweep-49
True,False,1,ex10,3,{'runtime': 1},6321363049.0,2.3273768424987793,43,2408,55095,1,14,2408,1718117413.835831,wise-sweep-48
True,True,1,ex10,3,{'runtime': 1},6321363049.0,2.1984200477600098,43,2408,55095,1,14,2408,1718117403.461783,fearless-sweep-47
True,False,1,ex10,2,{'runtime': 1},151334226289.0,1.442918300628662,73,2409,55052,1,6,2409,1718117391.4671674,hearty-sweep-46
True,True,1,ex10,2,{'runtime': 1},151334226289.0,1.6521682739257812,73,2409,55052,1,6,2409,1718117381.450025,fancy-sweep-45
True,False,1,ex10,1,{'runtime': 1},195930594145441.0,1.6741032600402832,241,2410,54823,1,6,2410,1718117371.0617971,different-sweep-44
True,True,1,ex10,1,{'runtime': 1},195930594145441.0,1.730921983718872,241,2410,54823,1,6,2410,1718117360.89116,radiant-sweep-43
True,False,1,ex10,0,{'runtime': 0},1.9641889444618332e+20,0.8801224231719971,2411,2411,54840,1,0,2411,1718117349.4768004,deep-sweep-42
True,True,1,ex10,0,{'runtime': 0},1.9641889444618332e+20,0.915999174118042,2411,2411,54840,1,0,2411,1718117339.812128,eager-sweep-41
True,False,0,ex10,3,{'runtime': 0},326940373369.0,1.0571293830871582,83,2407,55095,1,2,2407,1718117329.4139893,rich-sweep-40
True,True,0,ex10,3,{'runtime': 0},326940373369.0,1.033099889755249,83,2407,55095,1,2,2407,1718117318.7877958,lemon-sweep-39
True,False,0,ex10,2,{'runtime': 1},6321363049.0,2.2792208194732666,43,2408,55052,1,14,2408,1718117309.596882,wise-sweep-38
True,True,0,ex10,2,{'runtime': 1},6321363049.0,2.232229232788086,43,2408,55052,1,14,2408,1718117298.3061712,grateful-sweep-37
True,False,0,ex10,1,{'runtime': 1},151334226289.0,1.5060384273529053,73,2409,54823,1,6,2409,1718117287.2857544,iconic-sweep-36
True,True,0,ex10,1,{'runtime': 1},151334226289.0,2.1469736099243164,73,2409,54823,1,6,2409,1718117278.0728426,youthful-sweep-35
True,False,0,ex10,0,{'runtime': 1},195930594145441.0,1.688136339187622,241,2410,54840,1,6,2410,1718117267.3512363,denim-sweep-34
True,True,0,ex10,0,{'runtime': 1},195930594145441.0,1.7254889011383057,241,2410,54840,1,6,2410,1718117256.166396,lemon-sweep-33
True,False,3,ex3,3,{'runtime': 0},5.001867078602285e+16,1.5970079898834229,607,1821,53798,1,2,1821,1718117246.211225,toasty-sweep-32
True,True,3,ex3,3,{'runtime': 0},5.001867078602285e+16,1.1687242984771729,607,1821,53798,1,2,1821,1718117234.5238192,grateful-sweep-31
True,False,3,ex3,2,{'runtime': 0},5.71623746239597e+17,1.1908576488494873,911,1822,53895,1,2,1822,1718117224.3677287,spring-sweep-30
True,True,3,ex3,2,{'runtime': 0},5.71623746239597e+17,1.2517271041870115,911,1822,53895,1,2,1822,1718117214.710734,exalted-sweep-29
True,False,3,ex3,1,{'runtime': 0},3.670455912481314e+19,0.8999273777008057,1823,1823,52650,1,0,1823,1718117203.766601,young-sweep-28
True,True,3,ex3,1,{'runtime': 0},3.670455912481314e+19,0.975388765335083,1823,1823,52650,1,0,1823,1718117193.3301528,lyric-sweep-27
True,False,3,ex3,0,{'runtime': 1},47045881.0,1.9798314571380615,19,1824,52685,1,22,1824,1718117184.1094224,faithful-sweep-26
True,True,3,ex3,0,{'runtime': 1},47045881.0,2.0979373455047607,19,1824,52685,1,22,1824,1718117172.9367614,generous-sweep-25
True,False,2,ex3,3,{'runtime': 1},4826809.0,1.9528827667236328,13,1820,53798,1,22,1820,1718117162.5603328,fresh-sweep-24
True,True,2,ex3,3,{'runtime': 1},4826809.0,2.036048650741577,13,1820,53798,1,22,1820,1718117152.4276357,vivid-sweep-23
True,False,2,ex3,2,{'runtime': 0},5.001867078602285e+16,1.105055809020996,607,1821,53895,1,2,1821,1718117141.243137,neat-sweep-22
True,True,2,ex3,2,{'runtime': 0},5.001867078602285e+16,1.1408977508544922,607,1821,53895,1,2,1821,1718117130.938717,celestial-sweep-21
True,False,2,ex3,1,{'runtime': 0},5.71623746239597e+17,1.2089622020721436,911,1822,52650,1,2,1822,1718117120.736797,sage-sweep-20
True,True,2,ex3,1,{'runtime': 0},5.71623746239597e+17,1.210702896118164,911,1822,52650,1,2,1822,1718117109.4873898,swift-sweep-19
True,False,2,ex3,0,{'runtime': 0},3.670455912481314e+19,0.9198472499847412,1823,1823,52685,1,0,1823,1718117099.6078105,sunny-sweep-18
True,True,2,ex3,0,{'runtime': 0},3.670455912481314e+19,0.8645007610321045,1823,1823,52685,1,0,1823,1718117088.8845737,rich-sweep-17
True,False,1,ex3,3,{'runtime': 0},1500730351849.0,0.959822416305542,107,1819,53798,1,2,1819,1718117078.496601,valiant-sweep-16
True,True,1,ex3,3,{'runtime': 0},1500730351849.0,0.9785926342010498,107,1819,53798,1,2,1819,1718117068.000419,prime-sweep-15
True,False,1,ex3,2,{'runtime': 1},4826809.0,2.077057361602783,13,1820,53895,1,22,1820,1718117058.7965994,sandy-sweep-14
True,True,1,ex3,2,{'runtime': 1},4826809.0,2.014430284500122,13,1820,53895,1,22,1820,1718117048.5309002,volcanic-sweep-13
True,False,1,ex3,1,{'runtime': 0},5.001867078602285e+16,1.1367511749267578,607,1821,52650,1,2,1821,1718117037.3267002,fanciful-sweep-12
True,True,1,ex3,1,{'runtime': 0},5.001867078602285e+16,1.1496703624725342,607,1821,52650,1,2,1821,1718117027.0846894,clean-sweep-11
True,False,1,ex3,0,{'runtime': 0},5.71623746239597e+17,1.1658992767333984,911,1822,52685,1,2,1822,1718117005.7614913,fast-sweep-10
True,True,1,ex3,0,{'runtime': 0},5.71623746239597e+17,1.2183103561401367,911,1822,52685,1,2,1822,1718116995.5527732,bright-sweep-9
True,False,0,ex3,3,{'runtime': 1},1061520150601.0,1.6955280303955078,101,1818,53798,1,10,1818,1718116985.784964,vague-sweep-8
True,True,0,ex3,3,{'runtime': 1},1061520150601.0,1.7355782985687256,101,1818,53798,1,10,1818,1718116975.5694132,soft-sweep-7
True,False,0,ex3,2,{'runtime': 0},1500730351849.0,0.9792730808258056,107,1819,53895,1,2,1819,1718116964.37802,youthful-sweep-6
True,True,0,ex3,2,{'runtime': 0},1500730351849.0,1.0099155902862549,107,1819,53895,1,2,1819,1718116953.9245496,visionary-sweep-5
True,False,0,ex3,1,{'runtime': 1},4826809.0,2.0971813201904297,13,1820,52650,1,22,1820,1718116944.4462924,ruby-sweep-4
True,True,0,ex3,1,{'runtime': 1},4826809.0,2.09496808052063,13,1820,52650,1,22,1820,1718116934.138536,icy-sweep-3
True,False,0,ex3,0,{'runtime': 0},5.001867078602285e+16,1.1565749645233154,607,1821,52685,1,2,1821,1718116923.024083,laced-sweep-2
True,True,0,ex3,0,{'runtime': 1},5.001867078602285e+16,1.4294869899749756,607,1821,52685,1,2,1821,1718116912.134184,northern-sweep-1
